{
  "train": {
    "mae": 6.6672,
    "rmse": 10.6371,
    "r2": 0.9143
  },
  "val": {
    "mae": 9.6019,
    "rmse": 15.0767,
    "r2": 0.8275
  },
  "test": {
    "mae": 9.0728,
    "rmse": 14.3355,
    "r2": 0.8439
  },
  "oob_r2": 0.8328,
  "feature_importances": {
    "Blue": 0.190332,
    "Green": 0.183791,
    "Red": 0.177856,
    "NIR": 0.031133,
    "SWIR1": 0.053629,
    "SWIR2": 0.110908,
    "NDVI": 0.077385,
    "NDMI": 0.044679,
    "Elevation": 0.0552,
    "Slope": 0.031191,
    "Aspect": 0.043894
  },
  "permutation_importances": {
    "Blue": 0.212883,
    "Green": 0.13738,
    "Red": 0.147091,
    "NIR": 0.049942,
    "SWIR1": 0.034688,
    "SWIR2": 0.073647,
    "NDVI": 0.059802,
    "NDMI": 0.042429,
    "Elevation": 0.079856,
    "Slope": 0.05474,
    "Aspect": 0.069739
  }
}