{
  "train": {
    "mae": 1.8856,
    "rmse": 2.9384,
    "r2": 0.9606
  },
  "val": {
    "mae": 2.6349,
    "rmse": 4.0066,
    "r2": 0.9253
  },
  "test": {
    "mae": 2.6441,
    "rmse": 4.0369,
    "r2": 0.9257
  },
  "oob_r2": 0.9211,
  "feature_importances": {
    "Blue": 0.133395,
    "Green": 0.088166,
    "Red": 0.20737,
    "NIR": 0.026546,
    "SWIR1": 0.046154,
    "SWIR2": 0.075165,
    "NDVI": 0.198222,
    "NDMI": 0.041905,
    "Elevation": 0.105351,
    "Slope": 0.060846,
    "Aspect": 0.01688
  },
  "permutation_importances": {
    "Blue": 0.052554,
    "Green": 0.022972,
    "Red": 0.077417,
    "NIR": 0.033587,
    "SWIR1": 0.03857,
    "SWIR2": 0.049733,
    "NDVI": 0.145123,
    "NDMI": 0.020165,
    "Elevation": 0.177626,
    "Slope": 0.074935,
    "Aspect": 0.021595
  }
}